Aufgabe,Bearbeitet,Gepr√ºft,Getext,Fertig
1-1,x,x,,x
1-2,x,x,,x
1-3,x,x,,x
1-4,x,x,,x
1-5,x,x,,x
1-6,x,x,,x
,,,,
2-1,x,x,,x
2-2,x,x,x,x
2-3,x,x,x,x
,,,,
3-1,x,x,x,x
3-2,x,x,x,x
3-3,x,x,x,x
3-4,x,x,x,x
3-5,x,x,x,
,,,,
4-1,x,x,x,x
4-2,x,x,x,x
4-3,x,x,x,x
4-4,x,x,x,x
4-5,x,x,x,x
4-6,x,x,x,x
,,,,
5-1,x,x,x,x
5-2 bis 5-5,RMD File Online,,,
5-6,x,x,x,x
,,,,
6-1,RMD File Online,,,
6-2,x,x,x,x
6-3,x,x,x,x
6-4,x,x,x,x
6-5,RMD File Online,,,
6-6,x,,,
6-7,Wird auf die HP hochgeladen,,,
,,,,
7-1,,,,
7-2,,,,
7-3,,,,
7-4,,,,
7-5,,,,
